{
    "rmse": 0.7853528072625484,
    "mae": 0.6382323589976888,
    "r2": 0.06969073261187442
}