{
    "rmse": 0.8016480971672589,
    "mae": 0.6553111701734773,
    "r2": 0.03068423005789056
}